text,gold_intent,in_scope,source
2 weeks ago I ordered my new card.  It isn't here.  What should I do?,card_arrival,True,reference
"I still haven't received my card after two weeks, is it lost?",card_arrival,True,reference
Is a tracking number available for the card that was just sent?,card_arrival,True,reference
I'm still waiting for my card that was issued a week ago. What should I do?,card_arrival,True,reference
Why hasn't my card arrived yet?,card_arrival,True,reference
Do you have info about the card on delivery?,card_arrival,True,reference
I need to track the card sent to me.,card_arrival,True,reference
Could you send me and up date on the arrival of my card?,card_arrival,True,reference
I'm still waiting on my new card to be delivered!,card_arrival,True,reference
I ordered my card but it still isn't here,card_arrival,True,reference
When will I recieve my new card?,card_arrival,True,reference
Can the card was sen to me be tracked?,card_arrival,True,reference
My card hasn't arrived.,card_arrival,True,reference
"On the card that is coming, what's the tracking info?",card_arrival,True,reference
How do I track the card you sent me?,card_arrival,True,reference
How can I periodically check the delivery of the card you sent?,card_arrival,True,reference
WHAT IS THE SOLUTION OF THIS PROBLEM,card_arrival,True,reference
How can I track my card's delivery?,card_arrival,True,reference
What do I need to do to get my new card which I have requested 2 weeks ago?,card_arrival,True,reference
Can I track my card while it is in the process of delivery?,card_arrival,True,reference
Why have I not gotten my new card?,card_arrival,True,reference
"I have not received my card and it's been a week, what do I do?",card_arrival,True,reference
It's been a week since you issued me a card and I still didn't get it. Should I keep waiting?,card_arrival,True,reference
Can I track when my card will be delivered?,card_arrival,True,reference
How can I see the progress of delivery of the card that was sent?,card_arrival,True,reference
How long does it take for my physical card to be delivered.,card_delivery_estimate,True,reference
Can I choose when my card is delivered?,card_delivery_estimate,True,reference
Can I have it delivered on the date I need it delivered?,card_delivery_estimate,True,reference
Can you tell me when my card will arrive?,card_delivery_estimate,True,reference
What is the delivery time to the US?,card_delivery_estimate,True,reference
Are the delivery days flexible?  My schedule only allows me to be a available on specific dates.,card_delivery_estimate,True,reference
How will I get my card?,card_delivery_estimate,True,reference
When will it get delivered?,card_delivery_estimate,True,reference
I need to get my card quickly,card_delivery_estimate,True,reference
How long is the delivery to the US?,card_delivery_estimate,True,reference
"To deliver to the US, how long will it take?",card_delivery_estimate,True,reference
How soon will I get my card?,card_delivery_estimate,True,reference
I need my card to be delivered fast,card_delivery_estimate,True,reference
Can I choose the day it's delivered?,card_delivery_estimate,True,reference
What's the earliest time to receive my card?,card_delivery_estimate,True,reference
Can cards be dispatched on a specific date?,card_delivery_estimate,True,reference
can the delivery be specific to my needs?,card_delivery_estimate,True,reference
What is your shipping policies for cards?,card_delivery_estimate,True,reference
How long until the card arrives?,card_delivery_estimate,True,reference
When can I expect my card to arrive?,card_delivery_estimate,True,reference
How long does it take to receive my card?,card_delivery_estimate,True,reference
Can I specify a day for my card to be delivered?,card_delivery_estimate,True,reference
i need to expedite my card,card_delivery_estimate,True,reference
How long will delivery to the US take?,card_delivery_estimate,True,reference
can I choose delivery times to suite me?,card_delivery_estimate,True,reference
"Could I reactivate my card please, I couldn't find it but it turns out it was in my jacket pocket.",card_linking,True,reference
Will I need a new card or can I put my old card back into the app?,card_linking,True,reference
I want to link my new card. Can you help?,card_linking,True,reference
How do I add an existing card to the app?,card_linking,True,reference
Can I add a card that I just found (again) to the app?,card_linking,True,reference
"Hey, I have my card, how do I get it to show in the app?",card_linking,True,reference
"I found my card that I thought I had lost, I need to reactive it, please help.",card_linking,True,reference
How do I link a new payment card?,card_linking,True,reference
I need to find the card I received in the app.,card_linking,True,reference
"My card arrived but I need to make it work in the app, how do I do that?",card_linking,True,reference
help me link my card,card_linking,True,reference
"I have found my lost or stolen card, would I still have to activate the new card that was sent to me through the mail in order to access my account?",card_linking,True,reference
If I have a credit card with you how I get set up to link to it?,card_linking,True,reference
Can I add a card to back into the app?,card_linking,True,reference
can I link a card of yours I already have?,card_linking,True,reference
"I want to reactivate my card, I found it after thinking it was lost.",card_linking,True,reference
How do I link the new card?,card_linking,True,reference
I deactivated my card but would like to reactivate it.,card_linking,True,reference
"I got my card now, how do I make it show up in the app?",card_linking,True,reference
How do I link one of your card that I already have?,card_linking,True,reference
I was able to find my card. How to I go about putting it into my app?,card_linking,True,reference
"I need a card reactivation, I had reported my card lost but I ran across it in my jacket.",card_linking,True,reference
I already have a card and want to link it,card_linking,True,reference
How do I link the new card that I just got from you guys?,card_linking,True,reference
Can I put my old card back in the app?,card_linking,True,reference
My card is broken,card_not_working,True,reference
There is something wrong with my card. Tried to use it a few times today in different places and it just didn't work. The transactions I tried to make were really small so not sure what's going on,card_not_working,True,reference
My card hasn't been working when I try to use it.,card_not_working,True,reference
I tried to use my card today in the restaurant but it didn't work and just got declined. What's wrong?,card_not_working,True,reference
Help.  My card is broken.,card_not_working,True,reference
My card won't work at all for anything.,card_not_working,True,reference
"I tried using my card, but it doesn't work.",card_not_working,True,reference
What do I do?  My card is broken.,card_not_working,True,reference
"No transactions are being accepted, what's wrong with my card?",card_not_working,True,reference
My card won't physically work.,card_not_working,True,reference
Please help.  The card won't work.,card_not_working,True,reference
Something's wrong my card won't work.,card_not_working,True,reference
My card will not work,card_not_working,True,reference
I have not been able to use this card.,card_not_working,True,reference
Is my card frozen?,card_not_working,True,reference
"Can you help me with my card, I think it's broke.",card_not_working,True,reference
The card that I have isn't working. This is the physical card.,card_not_working,True,reference
WHAT IS THE REASON FOR THAT,card_not_working,True,reference
"For a week now, I have tried to use my card and it is still not working.",card_not_working,True,reference
What to do if my physical card is not working?,card_not_working,True,reference
What can I do to make my physical card work?,card_not_working,True,reference
What do I do if my card gets broken?,card_not_working,True,reference
My card doesn't work when I use it.,card_not_working,True,reference
How come my card doesn't work anymore?,card_not_working,True,reference
I wasn't able to use my card today when I went out for lunch. Wondering why that is?,card_not_working,True,reference
What do I do after the ATM takes my card.,card_swallowed,True,reference
Please send a new card; the ATM ate mine.,card_swallowed,True,reference
What do I do now my credit card has been swallowed by the ATM?,card_swallowed,True,reference
How can I get my card out of the ATM?,card_swallowed,True,reference
"I can't get my card out of the ATM, what should I do now?",card_swallowed,True,reference
I was removing a dollar amount from my account and now don't have access to my card.,card_swallowed,True,reference
What should I do since my card is trapped in the ATM?,card_swallowed,True,reference
The ATM won't give me my card back. I need it back now!,card_swallowed,True,reference
atm ate my card,card_swallowed,True,reference
What should I do with my stuck ATM?,card_swallowed,True,reference
My card is stuck inside the ATM.,card_swallowed,True,reference
What do I do if the ATM took my card?,card_swallowed,True,reference
The ATM took my card.,card_swallowed,True,reference
I cannot get my card out of the ATM.,card_swallowed,True,reference
A Bank ATM did not give my card back. What do I do now?,card_swallowed,True,reference
The ATM didnt return my card!,card_swallowed,True,reference
The ATM machine ate my card.,card_swallowed,True,reference
I have lost my credit card in the ATM!,card_swallowed,True,reference
Who do I talk to about the ATM swallowing my card?,card_swallowed,True,reference
how to get new card after atm eats it,card_swallowed,True,reference
The ATM ate my card; how do I get a new one?,card_swallowed,True,reference
What do I do if I can't get my card out of the ATM?,card_swallowed,True,reference
I need a new card because the ATM took mine.,card_swallowed,True,reference
The bank machine didn't give my card back how do I get a new one fast?,card_swallowed,True,reference
How do I get my card back after the ATM swallowed it.,card_swallowed,True,reference
want a new card what are the fees,card_about_to_expire,True,reference
What is the process when my card is due to expire?,card_about_to_expire,True,reference
"My card is about to expire, what do I do?",card_about_to_expire,True,reference
What can I expect at card expiration?,card_about_to_expire,True,reference
Does it cost much or take long to get a new card? Mine is about to expire.,card_about_to_expire,True,reference
My card's expiration date is close.,card_about_to_expire,True,reference
Do I need to re-apply to order a new card when my old one's about to expire?,card_about_to_expire,True,reference
What happens after my card expires?,card_about_to_expire,True,reference
How can I replace an expired card?,card_about_to_expire,True,reference
What do I do after my card expires?,card_about_to_expire,True,reference
My card is expiring so how fast can I get a new one and how much will it be?,card_about_to_expire,True,reference
"If my card is going to expire this month, do I need to order a new one?",card_about_to_expire,True,reference
"My card will expire soon, When do I need to order a new one?",card_about_to_expire,True,reference
"My card will expire next month, will I need to order a new one?",card_about_to_expire,True,reference
What to do if my card is about to expire?,card_about_to_expire,True,reference
What should I do when my card reaches its expiry date?,card_about_to_expire,True,reference
"My card's expiring a month from now, should I place an order for the new card?",card_about_to_expire,True,reference
"My card has an expiration date, will you send a new one automatically?",card_about_to_expire,True,reference
My card is due to expire soon.,card_about_to_expire,True,reference
What happens when my card expires?,card_about_to_expire,True,reference
Are there restrictions on new cards in China?,card_about_to_expire,True,reference
Can I get a new card even though I am in China?,card_about_to_expire,True,reference
Where can I have a new bank card sent to China?,card_about_to_expire,True,reference
How do I order a new card when my old one is ready to expire?,card_about_to_expire,True,reference
"The expiration date for my card is coming up, how do I get a new card?",card_about_to_expire,True,reference
You can use it anywhere that accepts Mastercard.,card_acceptance,True,reference
Where can I pay with my card?,card_acceptance,True,reference
Where is this card accepted?,card_acceptance,True,reference
Where do I pay with my debit or credit card?,card_acceptance,True,reference
Is there anywhere I can't use my card?,card_acceptance,True,reference
What retailers accept my card?,card_acceptance,True,reference
What businesses accept this card?,card_acceptance,True,reference
Are there any places that won't take my card?,card_acceptance,True,reference
At what places accept my card?,card_acceptance,True,reference
Are there any restrictions on where I use this card?,card_acceptance,True,reference
Is my card accepted anywhere?,card_acceptance,True,reference
In which stores can I shop with this card?,card_acceptance,True,reference
Do you know which businesses will accept my card?,card_acceptance,True,reference
Where can I use this card?,card_acceptance,True,reference
WHAT IS THE ATMOSPHERE OF IT,card_acceptance,True,reference
What are the limits to where my card will be accepted?,card_acceptance,True,reference
Will this card work all over the world?,card_acceptance,True,reference
Where can my card be used?,card_acceptance,True,reference
Can I pay with my card anywhere?,card_acceptance,True,reference
Can I use my card while on vacation overseas?,card_acceptance,True,reference
Are there any restrictions to where I can use my card?,card_acceptance,True,reference
Can I tell what business will take this card?,card_acceptance,True,reference
Can I pay online with my card?,card_acceptance,True,reference
Can I use my card wherever I want?,card_acceptance,True,reference
Where do I pay with my card?,card_acceptance,True,reference
Somebody used my card without my knowledge!,compromised_card,True,reference
I think someone may be using my card.,compromised_card,True,reference
What should I do if I think there are unauthorized transactions?,compromised_card,True,reference
What do I do if I detect fraudulent use on my car?,compromised_card,True,reference
What can I do if my card details where stolen from my car? I think they used my card to buy gas.,compromised_card,True,reference
What should I do if I think that someone might be using me card?,compromised_card,True,reference
"i didnt make these transactions, i think my card details might be stolen",compromised_card,True,reference
I see some transactions that I don't recognize.  I think someone stole my details.,compromised_card,True,reference
"Can you check about unauthorized use of my card, I think someone is using mine without my knowledge?",compromised_card,True,reference
My card was stolen and used to make several purchases. Please freeze my card so no one can use it.,compromised_card,True,reference
"My card was used without my permission, what do I do?",compromised_card,True,reference
Someone might have had access to my card.,compromised_card,True,reference
Someone else might be using my card without my permission.,compromised_card,True,reference
"There are transactions that I don't remember making, i think someone might have gotten my card details and is now using it.",compromised_card,True,reference
How do I stop fraud to my account?,compromised_card,True,reference
Questionable transactions on my account.,compromised_card,True,reference
My card must have used my card as there are some transactions that I haven't done myself..,compromised_card,True,reference
"It looks like someone besides me ordered something with my card, what should I do?",compromised_card,True,reference
What steps can I take if someone else is using my card?,compromised_card,True,reference
What do I do if someone used my card without my permission?,compromised_card,True,reference
Someone has been using my card. There are unfamiliar transactions on there. Can you freeze the card to keep this from happening?,compromised_card,True,reference
I think someone stole my card number and brought stuff in different places that I have never been to. I need to suspend any further purchase on my credit card.,compromised_card,True,reference
Someone hacked into my cards account.,compromised_card,True,reference
am afraid someone may have gained access to the info on my card.,compromised_card,True,reference
How can I tell if someone else is using my card?,compromised_card,True,reference
"What is the reason when I tried to pay contactless at the bus, it didnt work?",contactless_not_working,True,reference
Would reinstalling the app solve the problem?,contactless_not_working,True,reference
How come when I tried to pay contactless at the bus it didnt work?,contactless_not_working,True,reference
Are my contactless settings correct? I tried to use it today but it wasn't working.,contactless_not_working,True,reference
My contactless stopped working today no matter where I try to use it. How do I get it to start working again?,contactless_not_working,True,reference
how to get new card?,contactless_not_working,True,reference
I've tried using my contactless in several locations today and it's not working anywhere. It seemed fine before. How do I get it to work again?,contactless_not_working,True,reference
The contactless payments are not working.,contactless_not_working,True,reference
I have a contactless that's broken.,contactless_not_working,True,reference
I need help fixing my contactless. It's not working anywhere I go today.,contactless_not_working,True,reference
I am having problems with my contactless.,contactless_not_working,True,reference
How can i get new card?,contactless_not_working,True,reference
How can I fix my contactless?,contactless_not_working,True,reference
Why wasn't my contactless accepted at the metro?,contactless_not_working,True,reference
Why wouldn't my contactless work for the metro?,contactless_not_working,True,reference
Should i uninstall the app before i try it again?,contactless_not_working,True,reference
Why is my contactless not working?,contactless_not_working,True,reference
Can I make a contactless payments?,contactless_not_working,True,reference
My contactless stopped working today for no good reason. It's not working no matter where I try to use it. Can you please help me fix it?,contactless_not_working,True,reference
My contactless payments don't work.,contactless_not_working,True,reference
I'm confused ass to why my contactless is not working.,contactless_not_working,True,reference
How can I fix my card if the contactless function didn't work this morning?,contactless_not_working,True,reference
How do I troubleshoot when contactless doesn't work?,contactless_not_working,True,reference
I can't get a contactless payment to work.,contactless_not_working,True,reference
"I am having issues using contactless payments, could my card be damaged?",contactless_not_working,True,reference
My payment has been declined several times.  Can you help me?,declined_card_payment,True,reference
Why was the payment on my card declined?,declined_card_payment,True,reference
I was just needing to know why my card got declined,declined_card_payment,True,reference
Why would my card payment not work?,declined_card_payment,True,reference
"Everything seems fine with my account, so why did it decline my payment?",declined_card_payment,True,reference
Why was my payment declined? I keep trying my card but it's not working.,declined_card_payment,True,reference
Can you tell me why my card is not working? I keep trying to use it but it keeps rejecting my payment. I am being careful and entering the info correctly but it still happens.,declined_card_payment,True,reference
I don't know why my card payment did not work,declined_card_payment,True,reference
My card payment has been declined,declined_card_payment,True,reference
Why isn't my card working? I was pumped to use my new card but it keeps getting declined. Help please.,declined_card_payment,True,reference
Why are the payments being declined on my new card?  I tried several times to use my new card to pay for my gas at the Shell station in my neighborhood.  I am very distressed about my new card not working.,declined_card_payment,True,reference
Why was my new card declined?,declined_card_payment,True,reference
I just got my new card and tried using it and it was declined?,declined_card_payment,True,reference
How come my card payment has been declined?,declined_card_payment,True,reference
"May monthly payment to Apple has been declined but I don't know why, they are going to re-try the payment and it must go through, can you tell me what is going on please?",declined_card_payment,True,reference
Why was my card declined in a shop?,declined_card_payment,True,reference
"I know there's money in my account, why did my account decline me?",declined_card_payment,True,reference
Why has my card been declined?,declined_card_payment,True,reference
Why would a card payment be declined?,declined_card_payment,True,reference
The payment for the card did not go through,declined_card_payment,True,reference
"My payment has been declined!! What's going on, I thought everything was alright and working well?",declined_card_payment,True,reference
"I was just shopping and my payment was declined in a store!  It was very embarrassing, what is going on and when will it be fixed?",declined_card_payment,True,reference
Card payment didn't go through.,declined_card_payment,True,reference
What could the reason be that my payment card was declined?,declined_card_payment,True,reference
I NEED HELP WITH MY CARD!!!!! please. It keeps getting declined when I try to use it. I have tried a few times to use it and it keeps getting rejected. I have no idea why.,declined_card_payment,True,reference
My card is missing!  Help!,lost_or_stolen_card,True,reference
My card has been lost / stolen,lost_or_stolen_card,True,reference
Someone took my card without permission,lost_or_stolen_card,True,reference
Could you please freeze my card immediately?,lost_or_stolen_card,True,reference
I lost my wallet and all my cards were in it.,lost_or_stolen_card,True,reference
I can't find my card!  What should I do?,lost_or_stolen_card,True,reference
How do I replace a stolen card?,lost_or_stolen_card,True,reference
How do I report my card as lost or stolen?,lost_or_stolen_card,True,reference
"I thought I left my card at a restaurant, but they claim not to have it and now I don't have any idea where it is. I'm so worried that someone might be using it fraudulently. Is there any way to look into this?",lost_or_stolen_card,True,reference
I lost track of my card,lost_or_stolen_card,True,reference
Has there been any activity on my card today?,lost_or_stolen_card,True,reference
What can I do if I lost my card?,lost_or_stolen_card,True,reference
My bag got stolen with all my cards. Can you please cancel my card and send a new one?,lost_or_stolen_card,True,reference
"My card has been stolen. I reported it with the police, but I need to report it with you as well.",lost_or_stolen_card,True,reference
What's the phone number to freeze a card?,lost_or_stolen_card,True,reference
I'm panicking!  I lost my card!  Help!,lost_or_stolen_card,True,reference
My card has been lost! help!,lost_or_stolen_card,True,reference
I think someone stole my card because I can't find it.,lost_or_stolen_card,True,reference
I can't find my card! Can you help?,lost_or_stolen_card,True,reference
"i need help, i lost my card",lost_or_stolen_card,True,reference
"My wallet was stolen, along with my cards. How do I put a freeze on my cards and order a new one?",lost_or_stolen_card,True,reference
Help!  My card is stolen.,lost_or_stolen_card,True,reference
I misplaced my card and I dont know where the last place is where I used the card last. Can you look at my account and tell me the last place I used the card?,lost_or_stolen_card,True,reference
oh my god I lost my card! what should I do?,lost_or_stolen_card,True,reference
What do I do if my card has been lost or stolen?,lost_or_stolen_card,True,reference
Is it free to send out more cards?,getting_spare_card,True,reference
I'd like to get another card,getting_spare_card,True,reference
How do i request more physical cards?,getting_spare_card,True,reference
I would like to purchase another card.,getting_spare_card,True,reference
Can you send me more cards for my account?,getting_spare_card,True,reference
"If I want to send out more cards, do you charge extra for that?",getting_spare_card,True,reference
"If I need an additional card, is there a fee for that?",getting_spare_card,True,reference
Is there a charge for sending out more cards?,getting_spare_card,True,reference
I want a backup second card. Is this possible?,getting_spare_card,True,reference
How do I get extra cards?,getting_spare_card,True,reference
What's the limit on total number of cards I can have?,getting_spare_card,True,reference
I would like to get additional physical cards at this time,getting_spare_card,True,reference
How much does it cost to get more cards?,getting_spare_card,True,reference
Do you charge extra for duplicate cards?,getting_spare_card,True,reference
How do I get extra physical cards?,getting_spare_card,True,reference
I need another card for a member of my family. Is this possible? How soon can I get one?,getting_spare_card,True,reference
"I lost my card and need a new one, will it cost me?",getting_spare_card,True,reference
Do you charge for sending out more cards?,getting_spare_card,True,reference
How many physical cards am I allowed to have?,getting_spare_card,True,reference
"I would like to give another card to my daughter, how can I proceed?",getting_spare_card,True,reference
Will there be a charge for sending out more cards?,getting_spare_card,True,reference
I'd like to have extra cards. Will I have to pay for that?,getting_spare_card,True,reference
Is it possible to get another card?,getting_spare_card,True,reference
Is it possible to purchase more physical cards with my account?,getting_spare_card,True,reference
Will it cost me to get a second card?,getting_spare_card,True,reference
Where are cards available to order?,order_physical_card,True,reference
How do I go about getting an actual card?,order_physical_card,True,reference
"I need an actual card that I can hold in my hand, how do I do that?",order_physical_card,True,reference
Do I have to pay for a physical card?,order_physical_card,True,reference
How do I receive a card?,order_physical_card,True,reference
What is the price for a physical card?,order_physical_card,True,reference
Where will I get my card?,order_physical_card,True,reference
Where do you mail physical cards?,order_physical_card,True,reference
How would I go about getting a physical card to use in stores?,order_physical_card,True,reference
What's the procedure for getting a card?,order_physical_card,True,reference
How much is a physical card?,order_physical_card,True,reference
Is there a fee to order a physical card?,order_physical_card,True,reference
How to receive the actual card,order_physical_card,True,reference
Can I order a card please?,order_physical_card,True,reference
Where do you export the cards to?,order_physical_card,True,reference
What is the process for getting an actual physical card?,order_physical_card,True,reference
Can I order a card?,order_physical_card,True,reference
I would like to request a card.,order_physical_card,True,reference
Will there be a fee to receive a physical card?,order_physical_card,True,reference
Can you tell me exactly what fees I will expect to see in regards to your cards?,order_physical_card,True,reference
Card delivery services? Where?,order_physical_card,True,reference
I would really like a physical card.,order_physical_card,True,reference
"I need to get a card, how do I do that?",order_physical_card,True,reference
How do i receive a physical card?,order_physical_card,True,reference
How do I actually obtain a card myself?,order_physical_card,True,reference
"My PIN is not working, can you help?",pin_blocked,True,reference
I may have entered the PIN wrong and the account is blocked.  What do I have to do to get it unblocked.,pin_blocked,True,reference
How can I reset my darned PIN number?,pin_blocked,True,reference
How can I get my PIN unblocked?,pin_blocked,True,reference
I put the wrong pin too many times and now it is blocked. Can you help me unblock it?,pin_blocked,True,reference
I used my pin too many times.,pin_blocked,True,reference
Guide me on how to unblock my PIN,pin_blocked,True,reference
Where am I able to get my PIN unblocked?,pin_blocked,True,reference
How do I unlock my account after typing in the wrong PIN too many times?,pin_blocked,True,reference
How do I make my PIN work again?,pin_blocked,True,reference
I forgot what my pin number is and now am blocked can you help me get in?,pin_blocked,True,reference
How many incorrect attempts cause card to be blocked?,pin_blocked,True,reference
I tried the wrong PIN too many times.,pin_blocked,True,reference
"I blocked my card by mistake, how do I unblock it?",pin_blocked,True,reference
I tried my PIN too many times and now my card won't work!,pin_blocked,True,reference
How do I unblock my card?,pin_blocked,True,reference
Help me unblock my account.  I entered the PIN wrong too many times.,pin_blocked,True,reference
What do I do to unblock my PIN?,pin_blocked,True,reference
I mistook my pin and now I am locked.  Can you unlock me?,pin_blocked,True,reference
Can you unblock my pin because I put the wrong one too many times.,pin_blocked,True,reference
"My PIN seems to be blocked, help me access it?",pin_blocked,True,reference
What do I do if I forgot my PIN?,pin_blocked,True,reference
How do I take a block off my card?,pin_blocked,True,reference
"I was blocked by using the wrong pin too many times, can you help me?",pin_blocked,True,reference
I have exceeded the number of PIN attempts,pin_blocked,True,reference
I want to choose a new PIN.,change_pin,True,reference
Help me change my PIN.,change_pin,True,reference
Please help me change my PIN.,change_pin,True,reference
Do I have to go to the bank to change my PIN?,change_pin,True,reference
Your ATM pin can be changed at any VISA or MasterCard ATM with PIN services. Certain countries don't support ATM pin changes.,change_pin,True,reference
I want to change my PIN - do I need to be in a bank?,change_pin,True,reference
Can you tell me how to change my PIN?,change_pin,True,reference
How do I change the PIN?,change_pin,True,reference
Can I get a new pin number at any ATM using my card?,change_pin,True,reference
Can I pick a new PIN?,change_pin,True,reference
How do I change my card PIN?,change_pin,True,reference
Changing my PIN,change_pin,True,reference
Which cash machines will allow me to change my PIN?,change_pin,True,reference
At what cash machines can I change my PIN?,change_pin,True,reference
What steps do I have to take to change my PIN?,change_pin,True,reference
Can I change my PIN at my local bank?,change_pin,True,reference
Can my PIN changed remotely without visiting a bank?,change_pin,True,reference
Where can I change my PIN?,change_pin,True,reference
"I think someone saw my PIN and I am on vacation in Spain, can I change it locally at an ATM?",change_pin,True,reference
What are the steps to change my PIN to something else?,change_pin,True,reference
What is the process to change my PIN?,change_pin,True,reference
"I'm in Austria right now, but I really need to change my PIN right now. Can I do this even though I'm in another country?",change_pin,True,reference
Do I have to go into the bank to change my PIN?,change_pin,True,reference
Where can I update my pin number?,change_pin,True,reference
Tell me what ATMs allow me to change my PIN.,change_pin,True,reference
How do I reset my passcode?,passcode_forgotten,True,reference
My passcode was denied.,passcode_forgotten,True,reference
Can you lookup my password?,passcode_forgotten,True,reference
"I need to reset my passcode, this one isn't working",passcode_forgotten,True,reference
Instruct me how to reset the passcode.,passcode_forgotten,True,reference
I need to reset the passcode.,passcode_forgotten,True,reference
"I'm locked out of my account as I can't remember my code, what do I do now?",passcode_forgotten,True,reference
Where can I get a new passcode?,passcode_forgotten,True,reference
I don't remember my passcode?,passcode_forgotten,True,reference
"I want to reset my passcode, how can I do that?",passcode_forgotten,True,reference
I've forgotten my app passcode completely.,passcode_forgotten,True,reference
How can I reset the passcode if I need to do that?,passcode_forgotten,True,reference
I seem to of forgotten my passcode.,passcode_forgotten,True,reference
For some reason I forgot the passcode I have.,passcode_forgotten,True,reference
My passcode is not being accepted,passcode_forgotten,True,reference
How can I reset my passcode?,passcode_forgotten,True,reference
I think my passcode was changed,passcode_forgotten,True,reference
What do I do if I have forgotten my passcode?,passcode_forgotten,True,reference
I do not understand why my pass-code is not working.,passcode_forgotten,True,reference
I can't find my code,passcode_forgotten,True,reference
I am entering my passcode but getting an error.,passcode_forgotten,True,reference
What is my password?,passcode_forgotten,True,reference
"what is going on, i have entered my passcode and its not working",passcode_forgotten,True,reference
Help me!  I don't know what my password is.,passcode_forgotten,True,reference
What can I do if my passcode won't work?,passcode_forgotten,True,reference
What locations allow me to withdraw money?,atm_support,True,reference
I need to know where I can withdraw money.,atm_support,True,reference
What locations can I get money from?,atm_support,True,reference
Are there specific ATM's that I can draw money from?,atm_support,True,reference
What ATM machines allow this card?,atm_support,True,reference
Where can I find a Mastercard ATM?,atm_support,True,reference
Will this card work at any ATM?,atm_support,True,reference
How can I find an ATM that accepts this card?,atm_support,True,reference
what are the locations i can withdraw money,atm_support,True,reference
Which ATMs take the card?,atm_support,True,reference
The card can be used at which ATMs?,atm_support,True,reference
Where is the closest ATM to me?,atm_support,True,reference
Tell me what ATMs use this card.,atm_support,True,reference
Can you tell me the ATMs I can use with my card?,atm_support,True,reference
What cash stations take this card?,atm_support,True,reference
Do I have to use a bank approved ATM to withdraw money?,atm_support,True,reference
Are there specific ATM's I can use with this card?,atm_support,True,reference
Where can money withdrawals be made?,atm_support,True,reference
Where can I do a cash withdrawal?,atm_support,True,reference
Where are the ATMs that accept this card?,atm_support,True,reference
I need an ATM right now!,atm_support,True,reference
Can I use the card at any cash machine?,atm_support,True,reference
What's the closest place to withdraw money?,atm_support,True,reference
Where is an ATM?,atm_support,True,reference
"ATMs, which ones will accept this card?",atm_support,True,reference
Why was i charged for making a withdrawal? After i went grocery shopping i withdrew some money from my account and now there is another charge.,cash_withdrawal_charge,True,reference
I have been charged a fee for getting cash,cash_withdrawal_charge,True,reference
I made a transaction at an atm and was charged extra for it.,cash_withdrawal_charge,True,reference
What's up with the fee for getting cash?,cash_withdrawal_charge,True,reference
Why am i being charged for withdrawing cash funds?,cash_withdrawal_charge,True,reference
Why was there a fee for my cash withdrawal?,cash_withdrawal_charge,True,reference
Why is there a fee for cash withdrawal?,cash_withdrawal_charge,True,reference
I got charged fees for withdrawing cash!,cash_withdrawal_charge,True,reference
There was an unexpected fee for my cash withdrawal!,cash_withdrawal_charge,True,reference
"I withdrew money and got a fee, please explain",cash_withdrawal_charge,True,reference
Why are fees charged for cash withdrawals? I went to withdraw some money earlier today after shopping. There's a new fee that there.,cash_withdrawal_charge,True,reference
"Hello, I have a question concerning an unfamiliar fee that I notice on my account. I see that you guys charge for ATM withdrawal. Never notice this fee until now. Can you please explain?",cash_withdrawal_charge,True,reference
I was recently charged for withdrawing money from my bank ATM. How can that be possible when I haven't been charged for using it before?,cash_withdrawal_charge,True,reference
"I got this stupid fee after taking cash out, why?",cash_withdrawal_charge,True,reference
Explain the extra ATM fees.,cash_withdrawal_charge,True,reference
"I was told that withdrawing cash from the ATM is free, but I'm charged a fee. Why is this?",cash_withdrawal_charge,True,reference
I am inquiring about why there was an extra fee charged when I used an ATM.,cash_withdrawal_charge,True,reference
Why is there a charge when I took out money?,cash_withdrawal_charge,True,reference
Why do I have a charge for an ATM withdrawal? I thought these were free?,cash_withdrawal_charge,True,reference
What was the extra charge for withdrawing money?,cash_withdrawal_charge,True,reference
Why was I charged a fee for my withdrawal?,cash_withdrawal_charge,True,reference
"This is not right, I was told I could take out cash at the ATM for free?",cash_withdrawal_charge,True,reference
Why did you charge me for taking out cash?,cash_withdrawal_charge,True,reference
Why am I charged a fee for getting cash?,cash_withdrawal_charge,True,reference
"Hello, I have noticed a problem on my recent withdrawal at the banks atm machine.  I made a transaction and upon receiving my funds from the machine, a fee was assessed to my withdrawal.  Are these types of transactions free of charge?",cash_withdrawal_charge,True,reference
"A WD was just made on my account, but it was not me and I still have my card.  What to do?",cash_withdrawal_not_recognised,True,reference
There's a cash withdrawal I didn't make,cash_withdrawal_not_recognised,True,reference
There is a cash withdrawal in my account that isn't mine.,cash_withdrawal_not_recognised,True,reference
There are funds showing in my app that I did not receive.,cash_withdrawal_not_recognised,True,reference
Some cash has been withdrawn but I didn't do it.,cash_withdrawal_not_recognised,True,reference
I am seeing in the App a some cash withdrawal that does not belong to me,cash_withdrawal_not_recognised,True,reference
"Some cash was withdrawn in the app, but I did not do it.",cash_withdrawal_not_recognised,True,reference
I see cash withdrawal activity in the app that is not mine.,cash_withdrawal_not_recognised,True,reference
Help!  There is a cash withdrawl on the account that I didn't make!,cash_withdrawal_not_recognised,True,reference
I got a strange cash withdrawal in my statement,cash_withdrawal_not_recognised,True,reference
I do not know what this cash withdrawal is,cash_withdrawal_not_recognised,True,reference
The app is showing mt withdrawals that aren't  mine.,cash_withdrawal_not_recognised,True,reference
A cash withdrawal has been done that I didn't do.,cash_withdrawal_not_recognised,True,reference
"Someone has access to my card info.  I still have the card, but someone just withdrew cash.  How do I get this corrected/stopped?!",cash_withdrawal_not_recognised,True,reference
What is this withdrawal as I do not remember making it.,cash_withdrawal_not_recognised,True,reference
"I am seeing unathorized transactions in the app, on my account.",cash_withdrawal_not_recognised,True,reference
There's a cash withdrawal on my account that I didn't make,cash_withdrawal_not_recognised,True,reference
"A 500 pound cash withdrawal was just made from my account, but I didn't make it. I am pretty sure my card has been compromised - can you help me?",cash_withdrawal_not_recognised,True,reference
I hope you can help me. My account has been compromised from a different town that I haven't been to. Can you please place a hold on my account until I can make it to the bank?,cash_withdrawal_not_recognised,True,reference
Help! I think someone has made a cash withdrawal with my card!,cash_withdrawal_not_recognised,True,reference
Help! I just realised someone has apparently withdrawn money using my card! It's from some odd remote town where I definitely haven't been. Please freeze it immediately!,cash_withdrawal_not_recognised,True,reference
"Hi, It's urgent, please freeze my card. As someone has withdrawn money using my card in odd remote town. Since i have not done this withdrawal. Do it fast.",cash_withdrawal_not_recognised,True,reference
"Hi, Could you please help me as someone has stolen my wallet few hours ago. And a withdrawal is made, please help immediately. As i don't want to suffer more.",cash_withdrawal_not_recognised,True,reference
How can I verify if a cash withdrawal was made from my account? I still have my card with me but I did not authorize the withdrawal that just occurred.,cash_withdrawal_not_recognised,True,reference
The app says I made a cash withdrawal even though I didn't.,cash_withdrawal_not_recognised,True,reference
My balance is not what I thought it was following an ATM withdrawal,pending_cash_withdrawal,True,reference
How long will my cash withdrawal take,pending_cash_withdrawal,True,reference
"My card was declined and I did not receive money from the ATM earlier, yet it show on my account that it is pending.",pending_cash_withdrawal,True,reference
Why is the cash withdraw I made shown as pending?,pending_cash_withdrawal,True,reference
"If my cash withdrawal is still not showing, is something wrong?",pending_cash_withdrawal,True,reference
How is my ATM deposit not available yet?,pending_cash_withdrawal,True,reference
Please cancel the latest ATM charge on my card as my card was declined earlier today and I did not receive that cash.,pending_cash_withdrawal,True,reference
Why would a cash withdrawal be pending?,pending_cash_withdrawal,True,reference
"I tried to withdraw money, but was unable to. Still says that the transaction is pending? Will this money disappear??",pending_cash_withdrawal,True,reference
I pulled cash from the ATM earlier. Why is it still pending if I already have the cash?,pending_cash_withdrawal,True,reference
"If I have already completed a cash withdrawal at an ATM, is it normal for it to show as a pending transaction on the app?",pending_cash_withdrawal,True,reference
How long will my ATM withdrawal be pending?,pending_cash_withdrawal,True,reference
I took out some cash from the ATM but it is still showing the transaction is pending.,pending_cash_withdrawal,True,reference
I noticed on my online statement that an ATM withdrawal I made early is still pending.  Is this accurate?,pending_cash_withdrawal,True,reference
I have a withdrawal waiting to go through.,pending_cash_withdrawal,True,reference
What is a pending cash withdrawal?,pending_cash_withdrawal,True,reference
Is the cash withdrawal going to show?,pending_cash_withdrawal,True,reference
"My withdrawal is pending, why?",pending_cash_withdrawal,True,reference
"Hi there, earlier today I tried to take money out of an ATM machine, and something wasn't working.  I didn't actually receive the money, but I just checked and it says that the transaction is still pending.  Can you tell me what's going on here? Am I still being charged for the withdrawal even though I didn't end up getting any money?",pending_cash_withdrawal,True,reference
"Hello. I looked at my account and see that a transaction I tried to do is pending, but I did not complete that transaction. When I was at the ATM, the machine declined my card. Can you make sure that transaction does not go through because I definitely did not receive the money.",pending_cash_withdrawal,True,reference
"I went to an ATM to get cash, but the app says the withdrawal is still pending. How is that possible when I already have the cash with me?",pending_cash_withdrawal,True,reference
Why would a cash withdrawal still be pending?,pending_cash_withdrawal,True,reference
"my cash withdrawal is pending, why?",pending_cash_withdrawal,True,reference
What does it mean to have a pending cash withdrawal?,pending_cash_withdrawal,True,reference
How long will it take for my cash withdrawal to stop pending,pending_cash_withdrawal,True,reference
My cash withdrawal was short.,wrong_amount_of_cash_received,True,reference
Some cash was missing at ATM.,wrong_amount_of_cash_received,True,reference
"Help, the ATM didn't give me all the money I requested",wrong_amount_of_cash_received,True,reference
The amount of cash i have received is not correct.,wrong_amount_of_cash_received,True,reference
Who should I contact if the amount of my withdrawal doesn't correspond to the amount that I tried to take out of my account?,wrong_amount_of_cash_received,True,reference
There was a limited amount of money available at the time of my transaction.,wrong_amount_of_cash_received,True,reference
"Hello, I didn't receive the right amount on my ATM transaction,  the app shows the correct amount how can we fix this",wrong_amount_of_cash_received,True,reference
The amount of cash I selected to withdraw is different than what I received.,wrong_amount_of_cash_received,True,reference
I requested money from the ATM and it didn't give me as much as I requested.,wrong_amount_of_cash_received,True,reference
How can I fix this? The ATM gave me more cash than I'd asked for.,wrong_amount_of_cash_received,True,reference
I could only take the amount of money that was available to me which was less then I expected.,wrong_amount_of_cash_received,True,reference
I was not given the amount of cash I withdrew,wrong_amount_of_cash_received,True,reference
I got less cash than what I specified at the ATM.,wrong_amount_of_cash_received,True,reference
I got less cash at the ATM than I asked for. Why?,wrong_amount_of_cash_received,True,reference
The ATM is showing it gave me the money I requested but I didn't get that amount.,wrong_amount_of_cash_received,True,reference
"I normally don't use ATMs, but I was in a rush today and had to withdraw some cash. The ATM gave me the wrong amount of money and now my app is not showing the same amount as it should. What do I do?",wrong_amount_of_cash_received,True,reference
Can you explain why the ATM is giving me less money than what I asked for?,wrong_amount_of_cash_received,True,reference
The ATM shows a withdraw of the amount of money I requested but I didn't revieve that amount in cash.,wrong_amount_of_cash_received,True,reference
I wanted to take out $100 but I only got $20.,wrong_amount_of_cash_received,True,reference
$20 came out instead of $100,wrong_amount_of_cash_received,True,reference
Got only $20 when I tried to withdraw $100.,wrong_amount_of_cash_received,True,reference
The cash I wanted wasn't there.,wrong_amount_of_cash_received,True,reference
It kept my cash,wrong_amount_of_cash_received,True,reference
"Hi, I used an ATM today to take money out of my account, but the amount it gave me is not the amount I requested. What should I do?",wrong_amount_of_cash_received,True,reference
I visited the ATM but got less money than what I requested. Why?,wrong_amount_of_cash_received,True,reference
"Hello, in these holidays i have been overcharged on the amount i have withdrawn on one of your ATMs. I did not had any clue about the horrible charges otherwise i would not have withdrawn.",wrong_exchange_rate_for_cash_withdrawal,True,reference
You've incorrectly calculated the exchange rate for my cash withdrawal,wrong_exchange_rate_for_cash_withdrawal,True,reference
I made an ATM withdrawal over the holiday and then later realized I was charged an exorbitant fee!  I never would've made this withdrawal if I'd known I'd be charged so much.,wrong_exchange_rate_for_cash_withdrawal,True,reference
I was charged an incorrect exchange rate for a withdrawal.,wrong_exchange_rate_for_cash_withdrawal,True,reference
The wrong exchange rate was applied to me while pulling out cash.,wrong_exchange_rate_for_cash_withdrawal,True,reference
Can I withdraw money in my hometown currency while on holiday without any additional fees?,wrong_exchange_rate_for_cash_withdrawal,True,reference
"I was using foreign currency at an ATM, but the rate was typed in wrong.",wrong_exchange_rate_for_cash_withdrawal,True,reference
I wasn't applied the correct exchange rate when getting cash,wrong_exchange_rate_for_cash_withdrawal,True,reference
The rate of exchange for my cash withdrawal is wrong.,wrong_exchange_rate_for_cash_withdrawal,True,reference
I withdrew cash and I think the exchange rate is wrong.,wrong_exchange_rate_for_cash_withdrawal,True,reference
The exchange rate for my cash withdrawal was incorrect,wrong_exchange_rate_for_cash_withdrawal,True,reference
"Hi, I have withdrawn cash from the ATM on holiday and i guess withdrawal amount has been overcharged. I did it as i was not aware of these charges.",wrong_exchange_rate_for_cash_withdrawal,True,reference
The exchange rate was messed up from the ATM,wrong_exchange_rate_for_cash_withdrawal,True,reference
"My ATM transaction shorted me on cash, and I think the exchange rate was wrong. Did I receive the correct rate?",wrong_exchange_rate_for_cash_withdrawal,True,reference
how come when i got cash the exchange rate was different than it should be,wrong_exchange_rate_for_cash_withdrawal,True,reference
I noticed my exchange rate was incorrect when I got cash.,wrong_exchange_rate_for_cash_withdrawal,True,reference
what is the correct exchange rate for getting cash,wrong_exchange_rate_for_cash_withdrawal,True,reference
Why did my exchange rate change?,wrong_exchange_rate_for_cash_withdrawal,True,reference
Please tell me how the exchange rate is determined. I was expecting more money for the transaction.,wrong_exchange_rate_for_cash_withdrawal,True,reference
I'm upset because I got charged a ridiculous fee when making an ATM withdrawal over a holiday weekend.  It didn't notify me beforehand either or I wouldn't have ever done it.,wrong_exchange_rate_for_cash_withdrawal,True,reference
The wrong exchange rate was used for my cash withdrawal,wrong_exchange_rate_for_cash_withdrawal,True,reference
I tried to use the ATM with foreign currency. The conversion rate applied was wrong.,wrong_exchange_rate_for_cash_withdrawal,True,reference
I am perplexed. Why is it that I received an extremely wrong rate when I tried to use an ATM using a foreign currency?,wrong_exchange_rate_for_cash_withdrawal,True,reference
I got cash and the exchange rate should have been different than it ended up being.,wrong_exchange_rate_for_cash_withdrawal,True,reference
what are the exchange rates for getting cash,wrong_exchange_rate_for_cash_withdrawal,True,reference
Where can i top my card for free?,top_up_by_card_charge,True,reference
can I be charged for topping up by card,top_up_by_card_charge,True,reference
Will I see fees from adding money with an international card?,top_up_by_card_charge,True,reference
Are there still fees for european top-ups?,top_up_by_card_charge,True,reference
Will there be extra charges regarding to adding money into my international card?,top_up_by_card_charge,True,reference
If I top up using a European card is there a charge?,top_up_by_card_charge,True,reference
How much does it cost to top up a US-issued card?,top_up_by_card_charge,True,reference
Are there fees for adding money with an International card?,top_up_by_card_charge,True,reference
Is there a charge for using an European bank card for top up?,top_up_by_card_charge,True,reference
Which US cards have top up charges?,top_up_by_card_charge,True,reference
Are there top up charges for US cards?,top_up_by_card_charge,True,reference
how much for topping up by card?,top_up_by_card_charge,True,reference
Is there a charge for top-ups?,top_up_by_card_charge,True,reference
Are there any charges for topping up a US-issued card?,top_up_by_card_charge,True,reference
Do you charge extra for topping up with a debit or credit card?,top_up_by_card_charge,True,reference
What top up charges are there for US cards?,top_up_by_card_charge,True,reference
should i add money via bank transfer instead,top_up_by_card_charge,True,reference
How much is the charge to top up via credit card?,top_up_by_card_charge,True,reference
Will it cost extra to add money to an international card?,top_up_by_card_charge,True,reference
Are there charges for using a bank card to top up,top_up_by_card_charge,True,reference
Will you charge me if I top up by card?,top_up_by_card_charge,True,reference
"I need to top up, but I have to use an international card.  Is there a cost for that?",top_up_by_card_charge,True,reference
What is the charge for topping up a card?,top_up_by_card_charge,True,reference
Is there any fees for top ups?,top_up_by_card_charge,True,reference
Is USD free to top up with a US card?,top_up_by_card_charge,True,reference
What is the maximum I can top up?,top_up_limits,True,reference
Can I create my own top-up limit?,top_up_limits,True,reference
How many times can I make a top-up?,top_up_limits,True,reference
It seems I need to get information on limits for top-ups.,top_up_limits,True,reference
Can I top up?,top_up_limits,True,reference
I would like to know how much I can top-up.,top_up_limits,True,reference
Can I increase my top-up maximum?,top_up_limits,True,reference
How much is the limit for top-ups?,top_up_limits,True,reference
Is there a limit to how much I can top up?,top_up_limits,True,reference
What is my top-up limit?,top_up_limits,True,reference
Can I top up any amount?,top_up_limits,True,reference
Is there a limit on how much I can top up?,top_up_limits,True,reference
Is there any amount in which I would get cut off from topping up?,top_up_limits,True,reference
"I need to add a serious amount of cash to my card, how do I do that?",top_up_limits,True,reference
Can I use as many top-ups as I want?,top_up_limits,True,reference
Would I be able to top up as much as I can?,top_up_limits,True,reference
What is the max amount of top-ups?,top_up_limits,True,reference
Is topping up unlimited?,top_up_limits,True,reference
How much is ok for me to top up with?,top_up_limits,True,reference
How many top-ups am I allowed to do?,top_up_limits,True,reference
Do top-up limits exist?,top_up_limits,True,reference
How can I information on my limit for top-ups?,top_up_limits,True,reference
What is the top-up limit for my card?,top_up_limits,True,reference
How many top-ups can be approved?,top_up_limits,True,reference
Tell me if there is a limit to top-up.,top_up_limits,True,reference
What is the top up code for?,verify_top_up,True,reference
How do I go about verifying the top-up card?,verify_top_up,True,reference
Where is the verification code display?,verify_top_up,True,reference
Please help me find my top-up verification code,verify_top_up,True,reference
why verify the top up? it doesnt make sense,verify_top_up,True,reference
Do you know how I can verify that I did a top-up to my card?,verify_top_up,True,reference
Can I verify my top-up card?,verify_top_up,True,reference
Tell me why I need top-up to be verified?,verify_top_up,True,reference
What's a verification code?,verify_top_up,True,reference
"I'm trying to verify my top up card, how do I do that?",verify_top_up,True,reference
What does top-up verification do?,verify_top_up,True,reference
How do I find the code needed in order to verify my top-up card?,verify_top_up,True,reference
I am looking for my top-up verification code and cannot find it.,verify_top_up,True,reference
How can I verify my top-up card?,verify_top_up,True,reference
Where can I find the verification code for a top-up?,verify_top_up,True,reference
How do i verify my card?,verify_top_up,True,reference
Why do you ask for top-up verification?,verify_top_up,True,reference
For what reason must I authenticate the top up?,verify_top_up,True,reference
I CAN NOT FIND THE TOP-UP VERIFICATION CODE.,verify_top_up,True,reference
What's up with verifying top-ups?,verify_top_up,True,reference
Why are top-ups being verified?,verify_top_up,True,reference
Why does top-up need to be verified?,verify_top_up,True,reference
Where is the top-up verification code?,verify_top_up,True,reference
Where can I find the verification code for the card top-up?,verify_top_up,True,reference
How do I verify the top-up?,verify_top_up,True,reference
where exactly does money come from,verify_source_of_funds,True,reference
Can I trace where my funds came from?,verify_source_of_funds,True,reference
Where can I check out the source of available funds in my account?,verify_source_of_funds,True,reference
Can you tell me how to tell where my funds come from?,verify_source_of_funds,True,reference
Can you tell me how I would go about learning where my funds came from?,verify_source_of_funds,True,reference
Can someone please explain to me where my source of funds came from?,verify_source_of_funds,True,reference
My funds must be verified,verify_source_of_funds,True,reference
want to know where funds come from,verify_source_of_funds,True,reference
Where can I see where my funds came from?,verify_source_of_funds,True,reference
Where can I see where funds came from?,verify_source_of_funds,True,reference
How do I know where the funds come from?,verify_source_of_funds,True,reference
What do I need to see my source of money?,verify_source_of_funds,True,reference
I require verification for my source of funds.,verify_source_of_funds,True,reference
Please verify my source of funds.,verify_source_of_funds,True,reference
Is there a way to see my money's source?,verify_source_of_funds,True,reference
Where can I find my fund information?,verify_source_of_funds,True,reference
What is the source of the money in my account?,verify_source_of_funds,True,reference
what is source of my money,verify_source_of_funds,True,reference
where can i see money source?,verify_source_of_funds,True,reference
How can I find out the source of my available cash?,verify_source_of_funds,True,reference
Show me the source of my money.,verify_source_of_funds,True,reference
I need to know where do my funds come from,verify_source_of_funds,True,reference
My source of funds need verification.,verify_source_of_funds,True,reference
Can I see where my money is being transferred from?,verify_source_of_funds,True,reference
can i see money source?,verify_source_of_funds,True,reference
Does the auto top-up have any limits?,automatic_top_up,True,reference
Does auto top-up have a limit?,automatic_top_up,True,reference
when i travel can it top up automatically,automatic_top_up,True,reference
Can I set automatic top ups?,automatic_top_up,True,reference
How do i access the auto top-up option?,automatic_top_up,True,reference
How can I Use thereto-top option?,automatic_top_up,True,reference
I want to add money automatically when I travel.,automatic_top_up,True,reference
How many times can I auto top-up?,automatic_top_up,True,reference
Will money be added automatically when necessary?,automatic_top_up,True,reference
Will the system automatically update once there is no more money left?,automatic_top_up,True,reference
What are the restrictions on auto top-up?,automatic_top_up,True,reference
What is the maximum for auto top-up?,automatic_top_up,True,reference
Tell me where I can find the auto top up feature and a little bit about it please.,automatic_top_up,True,reference
Is there a limit on auto top-up?,automatic_top_up,True,reference
If I don't have much money in the account can I auto top-up?,automatic_top_up,True,reference
I want to auto top-up.,automatic_top_up,True,reference
can you top up your account automatically,automatic_top_up,True,reference
How can I add money automatically?,automatic_top_up,True,reference
Can I auto top up multiple times?,automatic_top_up,True,reference
How do I access the option to top up?,automatic_top_up,True,reference
Do you offer auto top ups?,automatic_top_up,True,reference
Can topping up be automatic?,automatic_top_up,True,reference
I want to set up an auto top-up,automatic_top_up,True,reference
Where do I find the auto top up option?,automatic_top_up,True,reference
Is there an auto top up feature?,automatic_top_up,True,reference
